"plot_id","site","treatment","canopy","soil_ph","biomass"
"P001","valley","thinned","55.9",6.34,42.33
"P002","valley","thinned","74.3",6.35,52.77
"P003","valley","thinned","68.3",5.55,38.83
"P004","ridge","control","44.5",6.19,31.07
"P005","valley","control","37.5",4.58,33.25
"P006","riparian","control","53.3",5.9,55.1
"P007","valley","control","17",5.93,32.44
"P008","riparian","thinned","31.1",5.34,24.73
"P009","riparian","thinned","45.4",5.94,27.3
"P010","valley","control","70",5.64,39.79
"P011","ridge","control","67.6",6.29,49.98
"P012","ridge","thinned","33.4",6.11,15.14
"P013","valley","thinned","28.6",5.71,22.34
"P014","valley","control","63.3",5.99,52.75
"P015","valley","control","34.4",6.36,42.4
"P016","valley","thinned","36.7",NA,26.97
"P017","ridge","control","78",6.24,38.99
"P018","ridge","control","62.2",6.71,40.36
"P019","valley","thinned","48.2",6,25.19
"P020","valley","thinned","94.7",5.95,68.6
"P021","valley","thinned","60.7",6.98,36.75
"P022","valley","control","60.3",5.4,46.69
"P023","valley","thinned","66.3",6.18,40.85
"P024","ridge","thinned","65.6",5.93,41.88
"P025","valley","thinned","53.5",5.54,54.8
"P026","valley","thinned","44.4",6.46,32.8
"P027","ridge","thinned","74.6",5.76,41.75
"P028","ridge","control","60",6.74,40.04
"P029","ridge","control","63.1",6.66,35.85
"P030","valley","thinned","58.2",5.66,40.67
"P031","valley","thinned","87.5",5.41,50.25
"P032","valley","control","54.2",6.72,49.09
"P033","valley","control","76.1",6.31,64.94
"P034","valley","thinned","64.5",6.41,44.22
"P035","ridge","thinned","64.4",6.44,41.38
"P036","ridge","thinned","39",5.81,22.62
"P037","ridge","thinned","48.8",6.2,23.1
"P038","valley","thinned","73.8",5.85,54.2
"P039","riparian","thinned","28.5",7.05,28.54
"P040","ridge","thinned","67.6",6.38,32.63
"P041","riparian","control","49.8",6.57,57.05
"P042","ridge","thinned","48.1",5.64,28.41
"P043","valley","control","86.7",4.85,45.97
"P044","ridge","thinned","44.4",5.98,39.45
"P045","valley","control","66.1",7.05,52.26
"P046","riparian","control","48.7",6.55,48.24
"P047","valley","control","47.3",5.9,36.43
"P048","valley","control","51.4",6.34,48.51
"P049","ridge","thinned","59.9",5.76,34.67
"P050","ridge","thinned","62.2",6.25,33.07
"P051","riparian","control","21.1",6.26,27.33
"P052","riparian","thinned","47",6.56,35.52
"P053","ridge","thinned","54.3",6.46,21.45
"P054","riparian","control","50.7",5.89,51.15
"P055","valley","thinned","80.9",6.25,43.57
"P056","ridge","control","72.4",5.87,36.1
"P057","ridge","thinned","78.5",5.9,42.68
"P058","riparian","thinned","51.5",NA,45.25
"P059","ridge","thinned","33",6.46,27.79
"P060","ridge","control","77.5",6.55,47.75
"P061","ridge","control","43",6.4,42.61
"P062","ridge","thinned","18",5.9,7.81
"P063","riparian","thinned","84.3",6.53,68.25
"P064","riparian","control","31.9",5.69,37.02
"P065","riparian","control","36",5.88,32.94
"P066","riparian","control","17.1",5.51,16.53
"P067","valley","control","30.9",6.95,25.27
"P068","valley","control","18.2",6.37,20.76
"P069","ridge","thinned","55.2",6.12,35.44
"P070","valley","control","60.8",6.83,49.6
"P071","ridge","thinned","42.7",6.58,4.46
"P072","ridge","control","20.6",6.14,15.9
"P073","ridge","thinned","75.7",6.28,36.96
"P074","riparian","control","71.7",5.74,65.05
"P075","ridge","control","28.8",6.16,33.34
"P076","ridge","control","87.7",6.26,48.89
"P077","ridge","thinned","57.5",6.25,38.95
"P078","valley","control","78.2",6.18,54.07
"P079","valley","control","33",5.89,32.85
"P080","riparian","control","27.6",5.91,20.74
"P081","valley","thinned","50.2",6.67,38.26
"P082","riparian","thinned","55.3",6.14,40.78
"P083","valley","thinned","83.2",5.29,55.3
"P084","ridge","thinned","6.1",6.57,6.33
"P085","valley","control","53.1",6.05,34.61
"P086","riparian","control","66.6",7.39,57.31
"P087","riparian","thinned","34.2",5.93,38.77
"P088","valley","control","61.7",5.96,43.28
"P089","valley","control","45.2",6.08,47.02
"P090","valley","thinned","30.1",5.79,30.76
"P091","riparian","control","60.5",5.86,48.67
"P092","ridge","control","62",5.98,38.91
"P093","ridge","thinned","59.2",5.5,32.75
"P094","ridge","control","61.1",5.49,39.82
"P095","valley","thinned","56",6.07,37.53
"P096","ridge","thinned","67.5",5.9,34.49
"P097","riparian","thinned","21",5.56,36.26
"P098","valley","control","47.5",NA,47.66
"P099","valley","thinned","not recorded",6.54,37.29
"P100","ridge","thinned","63.9",5.36,30.02
"P101","ridge","control","35.1",5.65,16.16
"P102","riparian","thinned","55.7",6.36,42.09
"P103","ridge","thinned","45.3",6.08,24.16
"P104","riparian","control","58.4",6.56,46.68
"P105","valley","thinned","64",6.65,47.71
"P106","riparian","control","32.2",5.79,29.48
"P107","ridge","control","50.7",5.42,40.12
"P108","valley","thinned","42.2",5.75,18.93
"P109","valley","control","37.2",6.64,35.22
"P110","ridge","control","54.4",6.68,30.19
"P111","ridge","control","31.3",7.02,24.99
"P112","riparian","control","44.7",6.31,34.98
"P113","valley","control","66.8",6.28,44.03
"P114","ridge","control","79.2",5.98,36.64
"P115","valley","thinned","57.8",5.34,42.45
"P116","valley","control","52.9",6.64,37.34
"P117","valley","thinned","52.4",6,48.91
"P118","valley","control","49",6.28,46.72
"P119","ridge","thinned","63.9",6.26,31.62
"P120","ridge","control","45.4",6.15,36.2
"P121","ridge","thinned","82.6",6.45,44.45
"P122","valley","control","49",5.22,39.3
"P123","ridge","control","48.2",5.98,44.31
"P124","valley","thinned","63",6.23,40
"P125","ridge","control","57.5",4.97,42.38
"P126","ridge","control","63.5",5.59,38.07
"P127","valley","thinned","64.1",6.05,44.66
"P128","riparian","control","56.8",5.69,46.84
"P129","ridge","control","60.8",6.13,39.01
"P130","riparian","thinned","15.9",6.1,29.01
"P131","riparian","control","54.5",5.91,37.35
"P132","valley","control","64.2",5.83,33.1
"P133","valley","control","82.3",5.53,47.04
"P134","riparian","thinned","58",5.58,54.91
"P135","ridge","control","67.3",5.77,40.18
"P136","riparian","thinned","49.7",5.22,46.48
"P137","valley","control","37.6",6.64,40.79
"P138","riparian","thinned","72.9",5.83,46.67
"P139","ridge","thinned","77.5",5.8,46.16
"P140","ridge","thinned","71.5",6.21,46.13
"P141","riparian","thinned","31.7",5.25,33.37
"P142","valley","control","21.7",5.2,25.66
"P143","valley","control","43.6",6.37,42.39
"P144","riparian","control","35.1",5.58,29.55
"P145","ridge","thinned","50.6",6.37,18.27
"P146","ridge","control","not recorded",5.67,52.52
"P147","valley","thinned","65",6.26,27.42
"P148","valley","control","25.5",NA,31.58
"P149","ridge","control","85",5.63,43.88
"P150","ridge","control","19.7",5.64,29.13
"P151","valley","thinned","48.1",6.22,37.94
"P152","ridge","thinned","37.3",5.77,17.33
"P153","valley","control","34.9",5.63,28.88
"P154","valley","thinned","83.3",6.37,56.72
"P155","ridge","control","29.2",NA,32.91
"P156","valley","control","74.8",5.95,45.84
"P157","valley","control","68.9",NA,43.44
"P158","valley","control","60.9",5.81,40.3
"P159","riparian","control","51.4",5.95,57.99
"P160","riparian","control","63.5",6.95,50.48
"P161","valley","thinned","67.6",6.46,36.82
"P162","ridge","thinned","60.2",6.49,29.88
"P163","ridge","thinned","47.9",6.45,32.91
"P164","valley","thinned","67.2",6.3,53.59
"P165","ridge","control","91",5.59,47.64
"P166","riparian","control","61.9",6.59,53.95
"P167","riparian","thinned","39.4",5.67,31.43
"P168","riparian","control","36.4",5.93,34.08
"P169","valley","control","69",5.7,46.31
"P170","valley","control","30.9",5.9,39.34
"P171","ridge","thinned","94.1",5.7,56.79
"P172","ridge","control","38.8",7.07,47.34
"P173","riparian","thinned","19.7",5,34.19
"P174","valley","thinned","56.6",6.51,33.24
"P175","riparian","thinned","59.8",4.94,43.86
"P176","valley","control","47.3",5.41,40.58
"P177","ridge","control","56.2",5.8,48.46
"P178","valley","control","58.3",6.56,41.42
"P179","valley","thinned","55",6,45.87
"P180","valley","control","73.9",6.44,38.69
"P181","ridge","control","65.8",5.64,37.42
"P182","riparian","control","33.5",6.77,29.43
"P183","valley","thinned","39.2",5.62,29.84
"P184","valley","thinned","40",5.32,34.18
"P185","ridge","thinned","33.1",5.74,31.69
"P186","riparian","thinned","72.4",6.41,47.5
"P187","riparian","thinned","74.9",5.91,50.51
"P188","riparian","control","34.3",5.49,38.29
"P189","valley","thinned","61.1",NA,45.9
"P190","valley","control","60.9",NA,47.25
"P191","riparian","control","96",6.3,47.72
"P192","ridge","control","36.8",5.31,43.01
"P193","valley","control","54.7",NA,31.78
"P194","ridge","thinned","52.6",NA,30.65
"P195","valley","thinned","53.2",5.85,35.25
"P196","valley","control","38.9",6.85,27.68
"P197","ridge","control","45.8",6.31,37.59
"P198","ridge","thinned","57.1",5.75,25.76
"P199","valley","control","15.2",5.97,22.49
"P200","ridge","thinned","66.3",5.83,-999
"P201","valley","thinned","82.2",5.04,55.79
"P202","riparian","control","64.5",NA,62.83
"P203","valley","thinned","49.1",4.73,40.43
"P204","riparian","thinned","71.1",NA,43.36
"P205","riparian","thinned","not recorded",NA,41
"P206","ridge","control","47.1",5.46,20.25
"P207","valley","thinned","46.1",6.68,24.58
"P208","riparian","control","64.5",NA,58.17
"P209","valley","thinned","39.5",5.61,44.05
"P210","valley","control","57.5",5.9,45.6
"P211","riparian","thinned","49.6",6.92,38.12
"P212","riparian","control","52.4",6.05,32.27
"P213","riparian","control","91.5",5.28,54.11
"P214","ridge","thinned","74.1",6.57,38.42
"P215","ridge","thinned","30.3",6.42,17.01
"P216","valley","thinned","21.9",6.31,42.47
"P217","riparian","control","70.9",6.39,42.23
"P218","valley","thinned","44.7",5.3,29.07
"P219","riparian","control","59.3",5.95,60.91
"P220","valley","thinned","80.8",6.05,49.57
"P221","ridge","control","56.7",6.07,32
"P222","riparian","thinned","51.1",4.14,45.98
"P223","ridge","control","31.2",5.27,36.08
"P224","valley","control","32.7",7.37,28.36
"P225","valley","control","46.8",7.04,36.68
"P226","valley","control","76.5",5.34,55.41
"P227","valley","thinned","54.7",4.94,33.06
"P228","ridge","thinned","88.5",5.65,36.67
"P229","riparian","thinned","31.2",6.2,35.41
"P230","ridge","control","78.7",5.48,55.76
"P231","ridge","control","63.3",6.12,48.65
"P232","valley","thinned","49.4",6.09,39.92
"P233","riparian","thinned","38.7",5.4,39.02
"P234","ridge","thinned","26.6",5.63,26.17
"P235","ridge","control","54.9",6,36.93
"P236","riparian","thinned","45.5",5.53,-999
"P237","ridge","control","64.7",5.89,40
"P238","ridge","thinned","36.4",5.61,28.24
"P239","riparian","thinned","87.3",5.99,60.23
"P240","valley","control","63.9",5.81,40.06
